Type,Character Description,Personality Style,Psycholinguistic Features
INTJ,"Strategic, analytical, values structure and long-term vision","The Mastermind","Abstract language, logical tone, low emotionality"
INTP,"Curious, inventive, loves abstract theories and problem-solving","The Thinker","Analytical language, exploratory phrasing, intellectual focus"
ENTJ,"Bold, decisive, natural leader, thrives on challenges","The Commander","Directive language, assertive tone, goal-oriented phrasing"
ENTP,"Energetic, innovative, enjoys debate and exploring possibilities","The Visionary","Playful language, rhetorical questions, divergent thinking"
INFJ,"Empathetic, insightful, driven by values and meaning","The Advocate","Emotional tone, metaphorical language, moral framing"
INFP,"Idealistic, creative, guided by inner morals and authenticity","The Mediator","Expressive language, poetic phrasing, authenticity markers"
ENFJ,"Charismatic, supportive, excels at inspiring and guiding others","The Protagonist","Persuasive language, inclusive pronouns, motivational tone"
ENFP,"Enthusiastic, imaginative, thrives on new ideas and experiences","The Campaigner","Exuberant language, narrative style, novelty-seeking words"
ISTJ,"Responsible, detail-oriented, values tradition and reliability","The Inspector","Concrete language, procedural phrasing, factual tone"
ISFJ,"Nurturing, loyal, dedicated to helping and protecting others","The Protector","Supportive language, relational focus, empathetic tone"
ESTJ,"Organized, practical, thrives in structured environments","The Supervisor","Formal language, rule-based phrasing, authoritative tone"
ESFJ,"Warm, sociable, values harmony and community support","The Provider","Affiliative language, social focus, cooperative phrasing"
ISTP,"Adaptable, hands-on, enjoys problem-solving and action","The Craftsman","Pragmatic language, action verbs, concise phrasing"
ISFP,"Gentle, artistic, values authenticity and personal freedom","The Artist","Sensory language, aesthetic focus, expressive tone"
ESTP,"Energetic, pragmatic, thrives on excitement and risk-taking","The Dynamo","Dynamic language, colloquial phrasing, thrill-seeking words"
ESFP,"Playful, expressive, loves people and living in the moment","The Performer","Exclamatory language, humor, vivid storytelling"
