Type,Text
INTJ,I analyze complex systems to find clarity in my deduction.
INTJ,I design strategies with long-term goals in mind in my experience.
INTJ,Efficiency and structure guide my decisions in my evaluation.
INTJ,Efficiency and structure guide my decisions in my analysis.
INTJ,Efficiency and structure guide my decisions in my evaluation.
INTJ,Efficiency and structure guide my decisions in my assessment.
INTJ,Planning ahead gives me confidence in outcomes in my understanding.
INTJ,Efficiency and structure guide my decisions in my logic.
INTJ,Planning ahead gives me confidence in outcomes in my opinion.
INTJ,Efficiency and structure guide my decisions in my judgment.
INTJ,Efficiency and structure guide my decisions in my experience.
INTJ,Planning ahead gives me confidence in outcomes in my evaluation.
INTJ,I analyze complex systems to find clarity in my opinion.
INTJ,Efficiency and structure guide my decisions always.
INTJ,Planning ahead gives me confidence in outcomes in my experience.
INTJ,Planning ahead gives me confidence in outcomes in my estimation.
INTJ,I analyze complex systems to find clarity in my judgment.
INTJ,Efficiency and structure guide my decisions in my life.
INTJ,Efficiency and structure guide my decisions in my life.
INTJ,I analyze complex systems to find clarity in my belief.
INTJ,Efficiency and structure guide my decisions sometimes.
INTJ,Efficiency and structure guide my decisions in my assessment.
INTJ,I analyze complex systems to find clarity sometimes.
INTJ,I analyze complex systems to find clarity in my estimation.
INTJ,Efficiency and structure guide my decisions in my analysis.
INTJ,I design strategies with long-term goals in mind in my view.
INTJ,I analyze complex systems to find clarity in my opinion.
INTJ,Efficiency and structure guide my decisions in my logic.
INTJ,I analyze complex systems to find clarity in my belief.
INTJ,I design strategies with long-term goals in mind in my evaluation.
INTJ,Planning ahead gives me confidence in outcomes in my judgment.
INTJ,Planning ahead gives me confidence in outcomes in my assessment.
INTJ,Planning ahead gives me confidence in outcomes in my logic.
INTJ,Efficiency and structure guide my decisions in my logic.
INTJ,I analyze complex systems to find clarity in my reasoning.
INTJ,I design strategies with long-term goals in mind in my evaluation.
INTJ,I design strategies with long-term goals in mind in my life.
INTJ,I design strategies with long-term goals in mind in my analysis.
INTJ,I analyze complex systems to find clarity in my reasoning.
INTJ,I analyze complex systems to find clarity in my view.
INTP,Inventing new ideas excites me more than routine in my assessment.
INTP,I love exploring abstract theories endlessly in my opinion.
INTP,Curiosity drives me to question assumptions in my deduction.
INTP,Curiosity drives me to question assumptions in my deduction.
INTP,I love exploring abstract theories endlessly often.
INTP,Inventing new ideas excites me more than routine in my evaluation.
INTP,I enjoy solving puzzles with unconventional methods in my judgment.
INTP,I enjoy solving puzzles with unconventional methods in my view.
INTP,I love exploring abstract theories endlessly in my view.
INTP,I love exploring abstract theories endlessly in my interpretation.
INTP,Inventing new ideas excites me more than routine in my understanding.
INTP,I enjoy solving puzzles with unconventional methods in my experience.
INTP,I enjoy solving puzzles with unconventional methods always.
INTP,Inventing new ideas excites me more than routine in my opinion.
INTP,I enjoy solving puzzles with unconventional methods in my logic.
INTP,I enjoy solving puzzles with unconventional methods in my experience.
INTP,I love exploring abstract theories endlessly in my analysis.
INTP,I love exploring abstract theories endlessly often.
INTP,I love exploring abstract theories endlessly in my analysis.
INTP,Curiosity drives me to question assumptions in my conclusion.
INTP,I love exploring abstract theories endlessly in my analysis.
INTP,I love exploring abstract theories endlessly in my evaluation.
INTP,Curiosity drives me to question assumptions in my logic.
INTP,I love exploring abstract theories endlessly in my analysis.
INTP,Inventing new ideas excites me more than routine in my analysis.
INTP,I love exploring abstract theories endlessly in my interpretation.
INTP,I love exploring abstract theories endlessly sometimes.
INTP,Curiosity drives me to question assumptions in my reasoning.
INTP,Inventing new ideas excites me more than routine sometimes.
INTP,Curiosity drives me to question assumptions always.
INTP,Curiosity drives me to question assumptions in my experience.
INTP,I love exploring abstract theories endlessly in my evaluation.
INTP,Inventing new ideas excites me more than routine in my understanding.
INTP,Curiosity drives me to question assumptions in my interpretation.
INTP,I enjoy solving puzzles with unconventional methods in my estimation.
INTP,I love exploring abstract theories endlessly in my logic.
INTP,Curiosity drives me to question assumptions sometimes.
INTP,I enjoy solving puzzles with unconventional methods in my interpretation.
INTP,I love exploring abstract theories endlessly in my analysis.
INTP,Curiosity drives me to question assumptions in my conclusion.
ENTJ,I thrive when leading ambitious projects in my belief.
ENTJ,Challenges are opportunities to prove my strength in my opinion.
ENTJ,Bold decisions energize me in high-pressure situations in my interpretation.
ENTJ,Bold decisions energize me in high-pressure situations in my logic.
ENTJ,I thrive when leading ambitious projects in my perspective.
ENTJ,Challenges are opportunities to prove my strength in my reasoning.
ENTJ,I enjoy organizing people to achieve success sometimes.
ENTJ,I thrive when leading ambitious projects in my life.
ENTJ,Challenges are opportunities to prove my strength often.
ENTJ,Bold decisions energize me in high-pressure situations always.
ENTJ,I enjoy organizing people to achieve success in my conclusion.
ENTJ,Bold decisions energize me in high-pressure situations sometimes.
ENTJ,I enjoy organizing people to achieve success sometimes.
ENTJ,I enjoy organizing people to achieve success in my judgment.
ENTJ,Challenges are opportunities to prove my strength in my evaluation.
ENTJ,I thrive when leading ambitious projects in my estimation.
ENTJ,I thrive when leading ambitious projects sometimes.
ENTJ,I enjoy organizing people to achieve success in my opinion.
ENTJ,I enjoy organizing people to achieve success in my analysis.
ENTJ,Bold decisions energize me in high-pressure situations in my belief.
ENTJ,I enjoy organizing people to achieve success in my judgment.
ENTJ,I enjoy organizing people to achieve success in my perspective.
ENTJ,I enjoy organizing people to achieve success often.
ENTJ,Bold decisions energize me in high-pressure situations in my reasoning.
ENTJ,Challenges are opportunities to prove my strength in my reasoning.
ENTJ,Challenges are opportunities to prove my strength in my analysis.
ENTJ,Bold decisions energize me in high-pressure situations in my reasoning.
ENTJ,Challenges are opportunities to prove my strength often.
ENTJ,Bold decisions energize me in high-pressure situations sometimes.
ENTJ,Bold decisions energize me in high-pressure situations in my evaluation.
ENTJ,Bold decisions energize me in high-pressure situations always.
ENTJ,Challenges are opportunities to prove my strength sometimes.
ENTJ,I enjoy organizing people to achieve success in my belief.
ENTJ,I thrive when leading ambitious projects in my logic.
ENTJ,I enjoy organizing people to achieve success in my reasoning.
ENTJ,I enjoy organizing people to achieve success in my opinion.
ENTJ,I thrive when leading ambitious projects in my conclusion.
ENTJ,Bold decisions energize me in high-pressure situations in my understanding.
ENTJ,I thrive when leading ambitious projects in my understanding.
ENTJ,Bold decisions energize me in high-pressure situations in my opinion.
ENTP,I thrive on exploring possibilities others overlook in my opinion.
ENTP,Playful arguments help me discover new insights in my life.
ENTP,I enjoy challenging conventions with fresh perspectives always.
ENTP,Debating ideas sparks my creativity in my view.
ENTP,Debating ideas sparks my creativity in my opinion.
ENTP,Debating ideas sparks my creativity in my evaluation.
ENTP,I enjoy challenging conventions with fresh perspectives in my evaluation.
ENTP,Debating ideas sparks my creativity sometimes.
ENTP,I enjoy challenging conventions with fresh perspectives often.
ENTP,Playful arguments help me discover new insights in my opinion.
ENTP,I thrive on exploring possibilities others overlook in my life.
ENTP,Debating ideas sparks my creativity in my conclusion.
ENTP,I enjoy challenging conventions with fresh perspectives in my conclusion.
ENTP,I thrive on exploring possibilities others overlook in my deduction.
ENTP,I thrive on exploring possibilities others overlook sometimes.
ENTP,I enjoy challenging conventions with fresh perspectives in my life.
ENTP,I thrive on exploring possibilities others overlook sometimes.
ENTP,I thrive on exploring possibilities others overlook in my view.
ENTP,I enjoy challenging conventions with fresh perspectives often.
ENTP,I enjoy challenging conventions with fresh perspectives in my logic.
ENTP,I enjoy challenging conventions with fresh perspectives in my deduction.
ENTP,Playful arguments help me discover new insights in my reasoning.
ENTP,I thrive on exploring possibilities others overlook in my interpretation.
ENTP,Playful arguments help me discover new insights in my interpretation.
ENTP,Playful arguments help me discover new insights in my view.
ENTP,I enjoy challenging conventions with fresh perspectives in my evaluation.
ENTP,I thrive on exploring possibilities others overlook in my conclusion.
ENTP,I enjoy challenging conventions with fresh perspectives in my logic.
ENTP,I thrive on exploring possibilities others overlook in my judgment.
ENTP,I enjoy challenging conventions with fresh perspectives often.
ENTP,Debating ideas sparks my creativity in my view.
ENTP,I enjoy challenging conventions with fresh perspectives in my understanding.
ENTP,Debating ideas sparks my creativity in my understanding.
ENTP,Playful arguments help me discover new insights in my view.
ENTP,Debating ideas sparks my creativity in my evaluation.
ENTP,I thrive on exploring possibilities others overlook in my estimation.
ENTP,Playful arguments help me discover new insights in my perspective.
ENTP,Playful arguments help me discover new insights in my opinion.
ENTP,Debating ideas sparks my creativity in my estimation.
ENTP,I thrive on exploring possibilities others overlook in my evaluation.
INFJ,Guiding people toward purpose fulfills me in my assessment.
INFJ,Guiding people toward purpose fulfills me in my reasoning.
INFJ,Guiding people toward purpose fulfills me in my estimation.
INFJ,I often use metaphorical language to express insight in my estimation.
INFJ,Empathy helps me connect deeply with others in my assessment.
INFJ,Guiding people toward purpose fulfills me in my evaluation.
INFJ,Empathy helps me connect deeply with others in my conclusion.
INFJ,I feel driven by values and meaning in my interpretation.
INFJ,Empathy helps me connect deeply with others in my belief.
INFJ,Empathy helps me connect deeply with others in my belief.
INFJ,Empathy helps me connect deeply with others always.
INFJ,I feel driven by values and meaning in my view.
INFJ,Guiding people toward purpose fulfills me in my assessment.
INFJ,Guiding people toward purpose fulfills me in my logic.
INFJ,I feel driven by values and meaning in my analysis.
INFJ,I often use metaphorical language to express insight in my judgment.
INFJ,I feel driven by values and meaning in my perspective.
INFJ,I often use metaphorical language to express insight in my belief.
INFJ,Guiding people toward purpose fulfills me in my perspective.
INFJ,I often use metaphorical language to express insight in my opinion.
INFJ,I feel driven by values and meaning in my understanding.
INFJ,I often use metaphorical language to express insight always.
INFJ,I often use metaphorical language to express insight in my conclusion.
INFJ,Guiding people toward purpose fulfills me in my reasoning.
INFJ,Empathy helps me connect deeply with others in my perspective.
INFJ,Empathy helps me connect deeply with others always.
INFJ,Guiding people toward purpose fulfills me in my understanding.
INFJ,I feel driven by values and meaning in my understanding.
INFJ,I feel driven by values and meaning in my understanding.
INFJ,Empathy helps me connect deeply with others often.
INFJ,I often use metaphorical language to express insight in my perspective.
INFJ,Empathy helps me connect deeply with others in my evaluation.
INFJ,I often use metaphorical language to express insight in my reasoning.
INFJ,I feel driven by values and meaning in my understanding.
INFJ,Guiding people toward purpose fulfills me in my opinion.
INFJ,Empathy helps me connect deeply with others in my view.
INFJ,Guiding people toward purpose fulfills me in my life.
INFJ,Guiding people toward purpose fulfills me in my logic.
INFJ,Empathy helps me connect deeply with others sometimes.
INFJ,I feel driven by values and meaning in my life.
INFP,I value ideals more than practical routines in my deduction.
INFP,I express myself through poetic phrasing in my experience.
INFP,I express myself through poetic phrasing in my perspective.
INFP,Creativity helps me align with my inner morals in my evaluation.
INFP,I express myself through poetic phrasing often.
INFP,I express myself through poetic phrasing in my perspective.
INFP,Authenticity shapes my choices and actions in my reasoning.
INFP,Creativity helps me align with my inner morals in my conclusion.
INFP,Creativity helps me align with my inner morals in my understanding.
INFP,Creativity helps me align with my inner morals in my analysis.
INFP,I express myself through poetic phrasing in my understanding.
INFP,Authenticity shapes my choices and actions in my analysis.
INFP,Creativity helps me align with my inner morals in my deduction.
INFP,I value ideals more than practical routines in my reasoning.
INFP,Creativity helps me align with my inner morals in my understanding.
INFP,I express myself through poetic phrasing in my view.
INFP,I express myself through poetic phrasing in my belief.
INFP,I express myself through poetic phrasing in my deduction.
INFP,Creativity helps me align with my inner morals in my perspective.
INFP,I express myself through poetic phrasing in my evaluation.
INFP,I express myself through poetic phrasing in my assessment.
INFP,Authenticity shapes my choices and actions sometimes.
INFP,I express myself through poetic phrasing in my reasoning.
INFP,Creativity helps me align with my inner morals in my analysis.
INFP,Authenticity shapes my choices and actions in my evaluation.
INFP,Creativity helps me align with my inner morals in my conclusion.
INFP,I express myself through poetic phrasing often.
INFP,Creativity helps me align with my inner morals in my conclusion.
INFP,I value ideals more than practical routines in my reasoning.
INFP,Creativity helps me align with my inner morals in my reasoning.
INFP,I express myself through poetic phrasing in my judgment.
INFP,Authenticity shapes my choices and actions in my logic.
INFP,Authenticity shapes my choices and actions often.
INFP,I value ideals more than practical routines in my conclusion.
INFP,I express myself through poetic phrasing in my conclusion.
INFP,Authenticity shapes my choices and actions sometimes.
INFP,Creativity helps me align with my inner morals in my deduction.
INFP,Authenticity shapes my choices and actions in my logic.
INFP,Creativity helps me align with my inner morals often.
INFP,I value ideals more than practical routines in my life.
ENFJ,Charisma allows me to guide groups effectively in my analysis.
ENFJ,Inclusive pronouns help me build connection in my experience.
ENFJ,I inspire others with motivational language in my perspective.
ENFJ,I thrive when supporting people toward growth in my experience.
ENFJ,Charisma allows me to guide groups effectively in my deduction.
ENFJ,Charisma allows me to guide groups effectively in my deduction.
ENFJ,Inclusive pronouns help me build connection in my perspective.
ENFJ,Charisma allows me to guide groups effectively in my judgment.
ENFJ,I thrive when supporting people toward growth in my belief.
ENFJ,I thrive when supporting people toward growth in my evaluation.
ENFJ,I thrive when supporting people toward growth sometimes.
ENFJ,I inspire others with motivational language in my perspective.
ENFJ,I thrive when supporting people toward growth in my view.
ENFJ,I inspire others with motivational language in my judgment.
ENFJ,Inclusive pronouns help me build connection in my conclusion.
ENFJ,Charisma allows me to guide groups effectively in my assessment.
ENFJ,Charisma allows me to guide groups effectively in my conclusion.
ENFJ,Inclusive pronouns help me build connection in my belief.
ENFJ,Charisma allows me to guide groups effectively in my perspective.
ENFJ,Charisma allows me to guide groups effectively in my interpretation.
ENFJ,I thrive when supporting people toward growth in my understanding.
ENFJ,I inspire others with motivational language in my evaluation.
ENFJ,Inclusive pronouns help me build connection often.
ENFJ,Inclusive pronouns help me build connection in my analysis.
ENFJ,Inclusive pronouns help me build connection in my life.
ENFJ,Charisma allows me to guide groups effectively in my estimation.
ENFJ,Inclusive pronouns help me build connection in my perspective.
ENFJ,Inclusive pronouns help me build connection in my logic.
ENFJ,I inspire others with motivational language sometimes.
ENFJ,I inspire others with motivational language in my interpretation.
ENFJ,I thrive when supporting people toward growth in my estimation.
ENFJ,Charisma allows me to guide groups effectively in my deduction.
ENFJ,Inclusive pronouns help me build connection in my opinion.
ENFJ,I inspire others with motivational language in my evaluation.
ENFJ,Inclusive pronouns help me build connection in my logic.
ENFJ,Charisma allows me to guide groups effectively in my reasoning.
ENFJ,Charisma allows me to guide groups effectively sometimes.
ENFJ,Inclusive pronouns help me build connection in my life.
ENFJ,Charisma allows me to guide groups effectively in my interpretation.
ENFJ,Inclusive pronouns help me build connection in my judgment.
ENFP,Imagination fuels my passion for life in my understanding.
ENFP,I love brainstorming wild ideas with friends in my deduction.
ENFP,Novelty keeps me inspired and motivated in my life.
ENFP,I love brainstorming wild ideas with friends in my understanding.
ENFP,I love brainstorming wild ideas with friends in my evaluation.
ENFP,I love brainstorming wild ideas with friends in my belief.
ENFP,Novelty keeps me inspired and motivated often.
ENFP,Stories help me connect with people emotionally in my experience.
ENFP,Imagination fuels my passion for life in my interpretation.
ENFP,I love brainstorming wild ideas with friends in my life.
ENFP,Imagination fuels my passion for life in my logic.
ENFP,Stories help me connect with people emotionally always.
ENFP,I love brainstorming wild ideas with friends in my deduction.
ENFP,Novelty keeps me inspired and motivated in my logic.
ENFP,Novelty keeps me inspired and motivated sometimes.
ENFP,Stories help me connect with people emotionally in my perspective.
ENFP,Novelty keeps me inspired and motivated in my belief.
ENFP,I love brainstorming wild ideas with friends in my conclusion.
ENFP,Imagination fuels my passion for life always.
ENFP,Stories help me connect with people emotionally in my experience.
ENFP,I love brainstorming wild ideas with friends in my estimation.
ENFP,Imagination fuels my passion for life in my logic.
ENFP,I love brainstorming wild ideas with friends often.
ENFP,Imagination fuels my passion for life in my interpretation.
ENFP,I love brainstorming wild ideas with friends in my belief.
ENFP,I love brainstorming wild ideas with friends in my judgment.
ENFP,I love brainstorming wild ideas with friends always.
ENFP,Novelty keeps me inspired and motivated in my logic.
ENFP,Imagination fuels my passion for life in my view.
ENFP,Imagination fuels my passion for life in my view.
ENFP,I love brainstorming wild ideas with friends in my logic.
ENFP,Stories help me connect with people emotionally in my logic.
ENFP,Imagination fuels my passion for life in my reasoning.
ENFP,Stories help me connect with people emotionally sometimes.
ENFP,Imagination fuels my passion for life in my understanding.
ENFP,Stories help me connect with people emotionally in my opinion.
ENFP,I love brainstorming wild ideas with friends in my conclusion.
ENFP,I love brainstorming wild ideas with friends in my deduction.
ENFP,I love brainstorming wild ideas with friends in my opinion.
ENFP,Novelty keeps me inspired and motivated in my perspective.
ISTJ,I prefer structured environments over improvisation in my logic.
ISTJ,I prefer structured environments over improvisation in my judgment.
ISTJ,I prefer structured environments over improvisation in my estimation.
ISTJ,I rely on concrete facts to make decisions often.
ISTJ,I rely on concrete facts to make decisions in my judgment.
ISTJ,Procedural phrasing helps me stay organized in my analysis.
ISTJ,I prefer structured environments over improvisation in my analysis.
ISTJ,I prefer structured environments over improvisation in my analysis.
ISTJ,I rely on concrete facts to make decisions in my evaluation.
ISTJ,Procedural phrasing helps me stay organized in my deduction.
ISTJ,Procedural phrasing helps me stay organized in my belief.
ISTJ,Procedural phrasing helps me stay organized in my assessment.
ISTJ,Tradition and reliability guide my actions in my experience.
ISTJ,Procedural phrasing helps me stay organized always.
ISTJ,Procedural phrasing helps me stay organized in my assessment.
ISTJ,I prefer structured environments over improvisation often.
ISTJ,I prefer structured environments over improvisation in my experience.
ISTJ,I rely on concrete facts to make decisions in my belief.
ISTJ,Procedural phrasing helps me stay organized in my experience.
ISTJ,Procedural phrasing helps me stay organized in my view.
ISTJ,I rely on concrete facts to make decisions sometimes.
ISTJ,Procedural phrasing helps me stay organized in my judgment.
ISTJ,I rely on concrete facts to make decisions in my assessment.
ISTJ,Tradition and reliability guide my actions sometimes.
ISTJ,Procedural phrasing helps me stay organized in my understanding.
ISTJ,Procedural phrasing helps me stay organized in my logic.
ISTJ,Tradition and reliability guide my actions in my interpretation.
ISTJ,Tradition and reliability guide my actions in my experience.
ISTJ,I rely on concrete facts to make decisions always.
ISTJ,I rely on concrete facts to make decisions in my logic.
ISTJ,Tradition and reliability guide my actions in my conclusion.
ISTJ,Tradition and reliability guide my actions in my experience.
ISTJ,Procedural phrasing helps me stay organized in my analysis.
ISTJ,I prefer structured environments over improvisation in my estimation.
ISTJ,I prefer structured environments over improvisation in my assessment.
ISTJ,I rely on concrete facts to make decisions in my interpretation.
ISTJ,Tradition and reliability guide my actions in my opinion.
ISTJ,Tradition and reliability guide my actions sometimes.
ISTJ,Tradition and reliability guide my actions in my interpretation.
ISTJ,Tradition and reliability guide my actions in my assessment.
ISFJ,Loyalty defines my relationships and commitments in my experience.
ISFJ,Helping quietly behind the scenes makes me happy in my interpretation.
ISFJ,Protecting loved ones is my greatest priority in my perspective.
ISFJ,Helping quietly behind the scenes makes me happy in my interpretation.
ISFJ,Loyalty defines my relationships and commitments often.
ISFJ,Protecting loved ones is my greatest priority in my life.
ISFJ,Protecting loved ones is my greatest priority in my analysis.
ISFJ,Protecting loved ones is my greatest priority in my analysis.
ISFJ,Helping quietly behind the scenes makes me happy in my interpretation.
ISFJ,Loyalty defines my relationships and commitments in my perspective.
ISFJ,Loyalty defines my relationships and commitments in my experience.
ISFJ,Helping quietly behind the scenes makes me happy in my opinion.
ISFJ,Protecting loved ones is my greatest priority in my logic.
ISFJ,I feel fulfilled when caring for others in my understanding.
ISFJ,Helping quietly behind the scenes makes me happy always.
ISFJ,Helping quietly behind the scenes makes me happy sometimes.
ISFJ,Helping quietly behind the scenes makes me happy in my experience.
ISFJ,Loyalty defines my relationships and commitments sometimes.
ISFJ,Loyalty defines my relationships and commitments in my conclusion.
ISFJ,Helping quietly behind the scenes makes me happy in my estimation.
ISFJ,Protecting loved ones is my greatest priority in my reasoning.
ISFJ,Helping quietly behind the scenes makes me happy in my belief.
ISFJ,I feel fulfilled when caring for others in my evaluation.
ISFJ,Loyalty defines my relationships and commitments in my understanding.
ISFJ,Loyalty defines my relationships and commitments in my reasoning.
ISFJ,Protecting loved ones is my greatest priority in my life.
ISFJ,Protecting loved ones is my greatest priority in my judgment.
ISFJ,Protecting loved ones is my greatest priority in my interpretation.
ISFJ,Loyalty defines my relationships and commitments in my logic.
ISFJ,Protecting loved ones is my greatest priority in my reasoning.
ISFJ,Protecting loved ones is my greatest priority in my understanding.
ISFJ,Helping quietly behind the scenes makes me happy in my view.
ISFJ,Loyalty defines my relationships and commitments in my belief.
ISFJ,Protecting loved ones is my greatest priority in my perspective.
ISFJ,I feel fulfilled when caring for others in my logic.
ISFJ,Loyalty defines my relationships and commitments in my logic.
ISFJ,Helping quietly behind the scenes makes me happy in my judgment.
ISFJ,Loyalty defines my relationships and commitments in my reasoning.
ISFJ,Helping quietly behind the scenes makes me happy in my view.
ISFJ,Loyalty defines my relationships and commitments in my judgment.
ESTJ,Practical solutions guide my leadership style in my deduction.
ESTJ,Practical solutions guide my leadership style in my view.
ESTJ,I thrive in structured environments with clear rules in my judgment.
ESTJ,I enjoy organizing tasks for efficiency in my judgment.
ESTJ,Practical solutions guide my leadership style in my opinion.
ESTJ,I enjoy organizing tasks for efficiency in my interpretation.
ESTJ,Practical solutions guide my leadership style in my estimation.
ESTJ,I enjoy organizing tasks for efficiency always.
ESTJ,Practical solutions guide my leadership style always.
ESTJ,Practical solutions guide my leadership style often.
ESTJ,Formal language helps me maintain authority in my reasoning.
ESTJ,Formal language helps me maintain authority often.
ESTJ,Formal language helps me maintain authority sometimes.
ESTJ,Formal language helps me maintain authority in my opinion.
ESTJ,I thrive in structured environments with clear rules in my evaluation.
ESTJ,I thrive in structured environments with clear rules in my life.
ESTJ,Formal language helps me maintain authority in my experience.
ESTJ,I thrive in structured environments with clear rules in my view.
ESTJ,I thrive in structured environments with clear rules in my view.
ESTJ,Practical solutions guide my leadership style in my belief.
ESTJ,Practical solutions guide my leadership style in my view.
ESTJ,Formal language helps me maintain authority in my perspective.
ESTJ,Formal language helps me maintain authority in my logic.
ESTJ,I thrive in structured environments with clear rules in my perspective.
ESTJ,Practical solutions guide my leadership style sometimes.
ESTJ,I enjoy organizing tasks for efficiency in my deduction.
ESTJ,Practical solutions guide my leadership style in my life.
ESTJ,I enjoy organizing tasks for efficiency in my estimation.
ESTJ,Formal language helps me maintain authority in my logic.
ESTJ,I thrive in structured environments with clear rules in my experience.
ESTJ,Formal language helps me maintain authority in my view.
ESTJ,I thrive in structured environments with clear rules in my deduction.
ESTJ,I thrive in structured environments with clear rules sometimes.
ESTJ,Formal language helps me maintain authority in my conclusion.
ESTJ,I enjoy organizing tasks for efficiency in my conclusion.
ESTJ,I thrive in structured environments with clear rules in my opinion.
ESTJ,Practical solutions guide my leadership style in my conclusion.
ESTJ,Formal language helps me maintain authority in my evaluation.
ESTJ,I thrive in structured environments with clear rules in my view.
ESTJ,I enjoy organizing tasks for efficiency in my opinion.
ESFJ,Affiliative language helps me connect with others in my analysis.
ESFJ,I enjoy cooperative phrasing to build trust sometimes.
ESFJ,Affiliative language helps me connect with others in my perspective.
ESFJ,Warmth and sociability define my communication in my reasoning.
ESFJ,Warmth and sociability define my communication in my deduction.
ESFJ,Affiliative language helps me connect with others in my reasoning.
ESFJ,I value harmony in social groups in my belief.
ESFJ,Affiliative language helps me connect with others in my reasoning.
ESFJ,Affiliative language helps me connect with others in my judgment.
ESFJ,Affiliative language helps me connect with others in my opinion.
ESFJ,Affiliative language helps me connect with others in my conclusion.
ESFJ,Affiliative language helps me connect with others in my experience.
ESFJ,I enjoy cooperative phrasing to build trust in my perspective.
ESFJ,Affiliative language helps me connect with others in my interpretation.
ESFJ,I value harmony in social groups in my analysis.
ESFJ,Affiliative language helps me connect with others in my understanding.
ESFJ,I value harmony in social groups sometimes.
ESFJ,I value harmony in social groups in my experience.
ESFJ,Warmth and sociability define my communication in my view.
ESFJ,I value harmony in social groups in my conclusion.
ESFJ,I value harmony in social groups in my opinion.
ESFJ,I enjoy cooperative phrasing to build trust in my belief.
ESFJ,Warmth and sociability define my communication in my belief.
ESFJ,I value harmony in social groups always.
ESFJ,I enjoy cooperative phrasing to build trust in my assessment.
ESFJ,I value harmony in social groups in my perspective.
ESFJ,I enjoy cooperative phrasing to build trust in my experience.
ESFJ,Warmth and sociability define my communication in my judgment.
ESFJ,Affiliative language helps me connect with others in my evaluation.
ESFJ,Warmth and sociability define my communication in my experience.
ESFJ,I value harmony in social groups in my assessment.
ESFJ,I enjoy cooperative phrasing to build trust sometimes.
ESFJ,Warmth and sociability define my communication in my assessment.
ESFJ,I enjoy cooperative phrasing to build trust in my perspective.
ESFJ,I value harmony in social groups in my perspective.
ESFJ,Affiliative language helps me connect with others always.
ESFJ,I enjoy cooperative phrasing to build trust in my conclusion.
ESFJ,I value harmony in social groups sometimes.
ESFJ,Warmth and sociability define my communication in my belief.
ESFJ,Affiliative language helps me connect with others in my reasoning.
ISTP,Concise phrasing helps me stay efficient often.
ISTP,Concise phrasing helps me stay efficient in my belief.
ISTP,I adapt quickly to changing situations in my judgment.
ISTP,Concise phrasing helps me stay efficient in my analysis.
ISTP,I adapt quickly to changing situations in my conclusion.
ISTP,Action verbs dominate my language style in my logic.
ISTP,Action verbs dominate my language style in my judgment.
ISTP,Concise phrasing helps me stay efficient in my perspective.
ISTP,Action verbs dominate my language style in my experience.
ISTP,I adapt quickly to changing situations in my deduction.
ISTP,I adapt quickly to changing situations always.
ISTP,I adapt quickly to changing situations in my logic.
ISTP,Concise phrasing helps me stay efficient in my judgment.
ISTP,I solve problems with hands-on pragmatism in my perspective.
ISTP,Concise phrasing helps me stay efficient in my experience.
ISTP,Concise phrasing helps me stay efficient often.
ISTP,Action verbs dominate my language style in my deduction.
ISTP,Concise phrasing helps me stay efficient in my analysis.
ISTP,I adapt quickly to changing situations always.
ISTP,I adapt quickly to changing situations in my estimation.
ISTP,I solve problems with hands-on pragmatism in my life.
ISTP,I adapt quickly to changing situations in my opinion.
ISTP,Action verbs dominate my language style always.
ISTP,I adapt quickly to changing situations in my opinion.
ISTP,Concise phrasing helps me stay efficient in my perspective.
ISTP,I solve problems with hands-on pragmatism always.
ISTP,Concise phrasing helps me stay efficient in my logic.
ISTP,Action verbs dominate my language style in my belief.
ISTP,Action verbs dominate my language style in my interpretation.
ISTP,Concise phrasing helps me stay efficient in my logic.
ISTP,Concise phrasing helps me stay efficient in my view.
ISTP,Concise phrasing helps me stay efficient in my life.
ISTP,I adapt quickly to changing situations in my evaluation.
ISTP,Action verbs dominate my language style in my analysis.
ISTP,Concise phrasing helps me stay efficient in my experience.
ISTP,Concise phrasing helps me stay efficient in my deduction.
ISTP,Concise phrasing helps me stay efficient in my view.
ISTP,Action verbs dominate my language style in my deduction.
ISTP,Action verbs dominate my language style in my logic.
ISTP,I solve problems with hands-on pragmatism in my logic.
ISFP,Aesthetic focus shapes my communication in my interpretation.
ISFP,Authenticity guides my artistic choices in my experience.
ISFP,Authenticity guides my artistic choices in my judgment.
ISFP,I express myself through sensory language in my conclusion.
ISFP,I express myself through sensory language in my experience.
ISFP,Aesthetic focus shapes my communication always.
ISFP,Gentle phrasing reflects my personal freedom in my experience.
ISFP,Gentle phrasing reflects my personal freedom in my experience.
ISFP,Authenticity guides my artistic choices in my understanding.
ISFP,Authenticity guides my artistic choices in my logic.
ISFP,I express myself through sensory language in my perspective.
ISFP,Gentle phrasing reflects my personal freedom in my understanding.
ISFP,Gentle phrasing reflects my personal freedom in my life.
ISFP,Authenticity guides my artistic choices in my logic.
ISFP,Authenticity guides my artistic choices in my judgment.
ISFP,Aesthetic focus shapes my communication in my belief.
ISFP,Authenticity guides my artistic choices in my experience.
ISFP,Authenticity guides my artistic choices in my evaluation.
ISFP,Authenticity guides my artistic choices in my reasoning.
ISFP,Authenticity guides my artistic choices in my conclusion.
ISFP,Aesthetic focus shapes my communication in my evaluation.
ISFP,Authenticity guides my artistic choices in my experience.
ISFP,Aesthetic focus shapes my communication in my belief.
ISFP,Authenticity guides my artistic choices in my judgment.
ISFP,Gentle phrasing reflects my personal freedom in my experience.
ISFP,I express myself through sensory language in my reasoning.
ISFP,Gentle phrasing reflects my personal freedom in my estimation.
ISFP,Gentle phrasing reflects my personal freedom in my belief.
ISFP,Aesthetic focus shapes my communication in my analysis.
ISFP,Aesthetic focus shapes my communication in my understanding.
ISFP,Aesthetic focus shapes my communication in my conclusion.
ISFP,I express myself through sensory language in my opinion.
ISFP,I express myself through sensory language always.
ISFP,Gentle phrasing reflects my personal freedom in my experience.
ISFP,I express myself through sensory language in my experience.
ISFP,I express myself through sensory language in my experience.
ISFP,Aesthetic focus shapes my communication in my analysis.
ISFP,Gentle phrasing reflects my personal freedom in my evaluation.
ISFP,Authenticity guides my artistic choices in my estimation.
ISFP,Authenticity guides my artistic choices in my perspective.
ESTP,I thrive on excitement and risk-taking in my life.
ESTP,I thrive on excitement and risk-taking in my interpretation.
ESTP,Colloquial phrasing helps me connect quickly often.
ESTP,I enjoy thrill-seeking words in conversation in my analysis.
ESTP,I thrive on excitement and risk-taking in my assessment.
ESTP,I thrive on excitement and risk-taking sometimes.
ESTP,I enjoy thrill-seeking words in conversation in my perspective.
ESTP,Colloquial phrasing helps me connect quickly in my opinion.
ESTP,I thrive on excitement and risk-taking in my interpretation.
ESTP,Colloquial phrasing helps me connect quickly in my estimation.
ESTP,Colloquial phrasing helps me connect quickly always.
ESTP,Dynamic language reflects my energy always.
ESTP,Colloquial phrasing helps me connect quickly sometimes.
ESTP,Colloquial phrasing helps me connect quickly sometimes.
ESTP,I enjoy thrill-seeking words in conversation in my experience.
ESTP,I thrive on excitement and risk-taking in my life.
ESTP,Dynamic language reflects my energy in my evaluation.
ESTP,I thrive on excitement and risk-taking in my logic.
ESTP,Colloquial phrasing helps me connect quickly in my opinion.
ESTP,Colloquial phrasing helps me connect quickly in my understanding.
ESTP,I enjoy thrill-seeking words in conversation in my experience.
ESTP,I thrive on excitement and risk-taking in my analysis.
ESTP,Dynamic language reflects my energy in my evaluation.
ESTP,Dynamic language reflects my energy in my logic.
ESTP,Colloquial phrasing helps me connect quickly in my estimation.
ESTP,I thrive on excitement and risk-taking in my experience.
ESTP,Dynamic language reflects my energy often.
ESTP,I enjoy thrill-seeking words in conversation in my evaluation.
ESTP,I thrive on excitement and risk-taking often.
ESTP,Dynamic language reflects my energy in my interpretation.
ESTP,Dynamic language reflects my energy in my life.
ESTP,I thrive on excitement and risk-taking in my reasoning.
ESTP,I thrive on excitement and risk-taking in my judgment.
ESTP,I thrive on excitement and risk-taking in my belief.
ESTP,Dynamic language reflects my energy in my reasoning.
ESTP,Dynamic language reflects my energy in my experience.
ESTP,Dynamic language reflects my energy in my analysis.
ESTP,Dynamic language reflects my energy in my perspective.
ESTP,Dynamic language reflects my energy in my logic.
ESTP,I thrive on excitement and risk-taking in my reasoning.
ESFP,Humor energizes my interactions in my analysis.
ESFP,Humor energizes my interactions sometimes.
ESFP,Exclamatory language reflects my enthusiasm in my opinion.
ESFP,Playful phrasing helps me connect socially in my estimation.
ESFP,Exclamatory language reflects my enthusiasm in my judgment.
ESFP,Humor energizes my interactions in my understanding.
ESFP,I love vivid storytelling in the moment in my experience.
ESFP,Humor energizes my interactions in my opinion.
ESFP,Exclamatory language reflects my enthusiasm in my belief.
ESFP,I love vivid storytelling in the moment in my logic.
ESFP,I love vivid storytelling in the moment in my life.
ESFP,Playful phrasing helps me connect socially in my opinion.
ESFP,Exclamatory language reflects my enthusiasm always.
ESFP,I love vivid storytelling in the moment in my deduction.
ESFP,Humor energizes my interactions in my interpretation.
ESFP,Humor energizes my interactions in my life.
ESFP,Playful phrasing helps me connect socially in my deduction.
ESFP,Humor energizes my interactions sometimes.
ESFP,Playful phrasing helps me connect socially sometimes.
ESFP,Playful phrasing helps me connect socially in my logic.
ESFP,Humor energizes my interactions often.
ESFP,Playful phrasing helps me connect socially in my perspective.
ESFP,Playful phrasing helps me connect socially in my belief.
ESFP,Humor energizes my interactions sometimes.
ESFP,I love vivid storytelling in the moment in my experience.
ESFP,Playful phrasing helps me connect socially in my judgment.
ESFP,I love vivid storytelling in the moment in my evaluation.
ESFP,I love vivid storytelling in the moment in my opinion.
ESFP,Playful phrasing helps me connect socially in my evaluation.
ESFP,Humor energizes my interactions in my judgment.
ESFP,Humor energizes my interactions in my understanding.
ESFP,Playful phrasing helps me connect socially in my deduction.
ESFP,Playful phrasing helps me connect socially often.
ESFP,Exclamatory language reflects my enthusiasm in my reasoning.
ESFP,Humor energizes my interactions always.
ESFP,Humor energizes my interactions in my opinion.
ESFP,Humor energizes my interactions in my judgment.
ESFP,Humor energizes my interactions in my reasoning.
ESFP,Playful phrasing helps me connect socially in my view.
ESFP,I love vivid storytelling in the moment in my experience.
